epoch,time,train/box_loss,train/cls_loss,train/dfl_loss,metrics/precision(B),metrics/recall(B),metrics/mAP50(B),metrics/mAP50-95(B),val/box_loss,val/cls_loss,val/dfl_loss,lr/pg0,lr/pg1,lr/pg2
1,1.03132,1.06326,3.43672,1.2237,0.57533,0.85,0.87734,0.63464,1.66715,1.06961,1.38576,0,0,0
2,2.22082,1.52336,2.50648,1.72801,0.58198,0.85,0.84748,0.63282,1.66222,1.05763,1.38276,1.17822e-06,1.17822e-06,1.17822e-06
